Link,Kênh,Tỉnh,Thời gian,Ngày,Trình tự người nói,Timestamp,Người nhận label,ID
https://www.youtube.com/watch?v=IopTGZdIqa4&t=5s,https://www.youtube.com/@bhttv,Hà Tĩnh,3h19p,10/12/2025,"1_male_central (Nguyễn Hồng Lĩnh)

2_male_central (Nguyễn Trọng Hiếu)

1_male_central (Nguyễn Hồng Lĩnh)

3_female_central (Nguyễn Thị Thúy Nga)

1_male_central (Nguyễn Hồng Lĩnh)

4_male_central (Thái Văn Sinh)

1_male_central (Nguyễn Hồng Lĩnh)

5_female_central (Đinh Thị Hồng Vân)

1_male_central (Nguyễn Hồng Lĩnh)

6_female_central (Nguyễn Thị Hà Tân)

1_male_central (Nguyễn Hồng Lĩnh)

1_male_central (Nguyễn Hồng Lĩnh)

2_male_central (Nguyễn Trọng Hiếu)

1_male_central (Nguyễn Hồng Lĩnh)

7_female_central (Đào Thị Anh Nga)

1_male_central (Nguyễn Hồng Lĩnh)

8_male_central (Nguyễn Văn Tuấn)

1_male_central (Nguyễn Hồng Lĩnh)

2_male_central (Nguyễn Trọng Hiếu)

1_male_central (Nguyễn Hồng Lĩnh)

8_male_central (Nguyễn Văn Tuấn)

1_male_central (Nguyễn Hồng Lĩnh)

1_male_central (Nguyễn Hồng Lĩnh)

1_male_central (Nguyễn Hồng Lĩnh)

9_male_central (Lê Ngọc Huấn)

1_male_central (Nguyễn Hồng Lĩnh)

10_male_central (Nguyễn Văn Danh)

1_male_central (Nguyễn Hồng Lĩnh)

11_female_central (Nguyễn Thị Mai Thủy)

1_male_central (Nguyễn Hồng Lĩnh)

8_male_central (Nguyễn Văn Tuấn)

1_male_central (Nguyễn Hồng Lĩnh)

12_female_central (Trần Thị Hoa)

1_male_central (Nguyễn Hồng Lĩnh)

13_female_central (Trần Thị Nhuần)

1_male_central (Nguyễn Hồng Lĩnh)

4_male_central (Thái Văn Sinh)

1_male_central (Nguyễn Hồng Lĩnh)

14_male_central (Phạm Nghĩa)

1_male_central (Nguyễn Hồng Lĩnh)

9_male_central (Lê Ngọc Huấn)

1_male_central (Nguyễn Hồng Lĩnh)

9_male_central (Lê Ngọc Huấn)

1_male_central (Nguyễn Hồng Lĩnh)

9_male_central (Lê Ngọc Huấn)

1_male_central (Nguyễn Hồng Lĩnh)

3_female_central (Nguyễn Thị Thúy Nga)

1_male_central (Nguyễn Hồng Lĩnh)

9_male_central (Lê Ngọc Huấn)

1_male_central (Nguyễn Hồng Lĩnh)

8_male_central (Nguyễn Văn Tuấn)

1_male_central (Nguyễn Hồng Lĩnh)","0:43 -  4:03

4:27 - 57:40

57:41 - 59:52

59:54 - 1:01:56

1:01:57 - 1:02:08

1:02:14 - 1:04:46

1:04:50 - 1:05:03

1:05:07 - 1:05:34

1:05:37 - 1:05:45

1:05:48 - 1:07:09

1:07:11 - 1:07:20

1:07:34 - 1:07:55

1:08:04 - 1:26:55

1:27:07 - 1:27:13

1:27:22 - 1:28:11

1:28:15 - 1:28:17

1:28:21 - 1:30:18

1:30:19 - 1:30:46

1:30:50 - 1:37:48

1:37:50 - 1:37:58

1:38:00 - 1:38:54

1:39:00 - 1:40:50

1:41:05 - 1:41:13

2:01:43 - 2:03:37

2:03:56 - 2:16:08

2:16:10 - 2:17:00

2:17:06 - 2:18:52

2:18:56 - 2:19:16

2:19:23 - 2:20:36

2:20:38 - 2:20:48

2:20:50 - 2:22:12

2:22:15 - 2:22:30

2:22:31 - 2:23:30

2:23:33 - 2:23:38

2:23:39 - 2:25:04

2:25:07 - 2:25:26

2:25:30 - 2:27:34

2:27:37 - 2:27:43

2:27:48 - 2:28:44

2:28:45 - 2:29:20

2:29:48 - 2:48:34

2:48:36 - 2:49:10

2:49:11 - 2:54:49

2:54:50 - 2:56:04

2:56:29 - 3:05:06

3:05:07 - 3:05:33

3:05:35 - 3:06:58

3:07:00 - 3:07:06

3:07:15 - 3:13:01

3:13:02 - 3:13:11

3:13:11 - 3:14:10

3:14:11 - 3:18:49

",Lâm,hatinh1
"Trực tiếp: Phiên bế mạc Kỳ họp thứ 30, HĐND tỉnh Hà Tĩnh khóa XVIII",https://www.youtube.com/@bhttv,Hà Tĩnh,3h9p,24/7/2025,"1_male_central(Trần Tú Anh)
2_male_central(Trịnh Văn Ngọc)
1_male_central(Trần Tú Anh)
1_male_central(Trần Tú Anh)
3_female_central(Nguyễn Thị Nhuần)
1_male_central(Trần Tú Anh)
4_male_central(Phạm Nghĩa)
1_male_central(Trần Tú Anh)
2_male_central(Trịnh Văn Ngọc)
1_male_central(Trần Tú Anh)
5_male_central(Nguyễn văn tuấn)
1_male_central(Trần Tú Anh)
6_male_central(Thái Văn Sinh)
1_male_central(Trần Tú Anh)
3_female_central(Nguyễn Thị Nhuần)
1_male_central(Trần Tú Anh)
2_male_central(Trịnh Văn Ngọc)
1_male_central(Trần Tú Anh)
7_male_central(Võ Trọng Hải)
8_male_central(Trần Văn Kỳ)
1_male_central(Trần Tú Anh)
8_male_central(Trần Văn Kỳ)
8_male_central(Trần Văn Kỳ)
9_female_central(Nguyễn Thị Việt Hà)
8_male_central(Trần Văn Kỳ)
9_female_central(Nguyễn Thị Việt Hà)
8_male_central(Trần Văn Kỳ)
10_male_central(Phạm Xuân Phú)
8_male_central(Trần Văn Kỳ)
10_male_central(Phạm Xuân Phú)
8_male_central(Trần Văn Kỳ)
11_male_central(???)
1_male_central(Trần Tú Anh)
8_male_central(Trần Văn Kỳ)
1_male_central(Trần Tú Anh)
8_male_central(Trần Văn Kỳ)
10_male_central(Phạm Xuân Phú)
8_male_central(Trần Văn Kỳ)
10_male_central(Phạm Xuân Phú)
8_male_central(Trần Văn Kỳ)
10_male_central(Phạm Xuân Phú)
8_male_central(Trần Văn Kỳ)
10_male_central(Phạm Xuân Phú)
8_male_central(Trần Văn Kỳ)
10_male_central(Phạm Xuân Phú)
8_male_central(Trần Văn Kỳ)
8_male_central(Trần Văn Kỳ)
1_male_central(Trần Tú Anh)","0:16 - 0:30
0:54 - 14:41
14:48 - 14:53
15:04 - 15:33
15:36 - 17:46
17:49 - 18:02
18:08 - 19:11
19:12 - 19:50
19:56 - 35:49
35:52 - 35:56
36:00 - 38:53
38:52 - 39:00
39:05 - 41:30
41:31 - 41:37
41:38 - 42:56
42:57 - 43:06
43:11 - 48:27
48:28 - 48:45
49:34 - 1:50:39
1:51:19 - 1:52:47
1:52:52 - 2:08:54
2:09:00 - 2:09:05
2:33:21 - 2:34:18
2:34:25 - 2:46:45
2:46:46 - 2:46:56
2:47:01 - 2:48:22
2:49:54 - 2:50:04
2:50:10 - 2:50:52
2:51:45 - 2:51:56
2:51:58 - 2:52:38
2:52:39 - 2:53:06
2:53:06 - 2:53:32
2:53:34 - 2:53:59
2:54:00 - 2:54:05
2:54:06 - 2:54:09
2:54:11 - 2:54:34
2:54:35 - 2:55:51
2:55:52 - 2:56:03
2:56:04 - 2:57:07
2:57:07 - 2:57:18
2:57:19 - 2:58:04
2:58:04 - 2:58:13
2:58:15 - 2:58:50
2:58:51 - 2:59:01
2:59:02 - 2:59:32
2:59:32 - 3:00:03
3:00:05 - 3:00:08
3:00:13 - 3:07:24",Dương Hiếu ,hatinh2
"Trực tiếp: Chất vấn và trả lời chất vấn Kỳ họp thứ 30, HĐND tỉnh Hà Tĩnh khóa XVIII",https://www.youtube.com/@bhttv,Hà Tĩnh,3h37p,23/7/2025,"1_male_central(Trần Tú Anh - Phó Chủ tịch Thường trực HĐND tỉnh Hà Tĩnh)
2_male_central(Lê Ngọc Huấn - Giám đốc Sở Nông nghiệp và Môi trường Hà Tĩnh)
1_male_central(Trần Tú Anh - Phó Chủ tịch Thường trực HĐND tỉnh Hà Tĩnh)
3_male_central(Phạm Nghĩa - Tổ đại biểu địa phận Can Lộc)
1_male_central(Trần Tú Anh - Phó Chủ tịch Thường trực HĐND tỉnh Hà Tĩnh)
4_female_central(Võ Thị Hồng Minh - Tổ đại biểu địa phận Cẩm Xuyên)
1_male_central(Trần Tú Anh - Phó Chủ tịch Thường trực HĐND tỉnh Hà Tĩnh)
5_female_central(Trần Thị Hoa - Tổ đại biểu địa phận thành phố Hà Tĩnh cũ)
1_male_central(Trần Tú Anh - Phó Chủ tịch Thường trực HĐND tỉnh Hà Tĩnh)
6_female_central(Nguyễn Thị Nhuần - Tổ đại biểu địa phận thành phố Hà Tĩnh cũ)
1_male_central(Trần Tú Anh - Phó Chủ tịch Thường trực HĐND tỉnh Hà Tĩnh)
7_female_central(Đào Thị Anh Nga - Tổ đại biểu địa phận Thạch Hà)
1_male_central(Trần Tú Anh - Phó Chủ tịch Thường trực HĐND tỉnh Hà Tĩnh)
2_male_central(Lê Ngọc Huấn - Giám đốc Sở Nông nghiệp và Môi trường Hà Tĩnh)
1_male_central(Trần Tú Anh - Phó Chủ tịch Thường trực HĐND tỉnh Hà Tĩnh)
8_female_central(Nguyễn Thị Thúy Nga - Tổ đại biểu địa phận Nghi Xuân)
1_male_central(Trần Tú Anh - Phó Chủ tịch Thường trực HĐND tỉnh Hà Tĩnh)
6_female_central(Nguyễn Thị Nhuần - Tổ đại biểu địa phận thành phố Hà Tĩnh cũ)
1_male_central(Trần Tú Anh - Phó Chủ tịch Thường trực HĐND tỉnh Hà Tĩnh)
3_male_central(Phạm Nghĩa - Tổ đại biểu địa phận Can Lộc)
1_male_central(Trần Tú Anh - Phó Chủ tịch Thường trực HĐND tỉnh Hà Tĩnh)
9_female_central(Nguyễn Thị Mai Thúy - Tổ đại biểu địa phận Hương Sơn)
1_male_central(Trần Tú Anh - Phó Chủ tịch Thường trực HĐND tỉnh Hà Tĩnh)
2_male_central(Lê Ngọc Huấn - Giám đốc Sở Nông nghiệp và Môi trường Hà Tĩnh)
1_male_central(Trần Tú Anh - Phó Chủ tịch Thường trực HĐND tỉnh Hà Tĩnh)
10_female_central(Nguyễn Thị Nguyệt - Giám đốc Sở Giáo dục và Đào tạo Hà Tĩnh)
1_male_central(Trần Tú Anh - Phó Chủ tịch Thường trực HĐND tỉnh Hà Tĩnh)
11_male_central(Thái Văn Sinh - Tổ đại biểu địa phận Đức Thọ)
1_male_central(Trần Tú Anh - Phó Chủ tịch Thường trực HĐND tỉnh Hà Tĩnh)
6_female_central(Nguyễn Thị Nhuần - Tổ đại biểu địa phận thành phố Hà Tĩnh cũ)
1_male_central(Trần Tú Anh - Phó Chủ tịch Thường trực HĐND tỉnh Hà Tĩnh)
7_female_central(Đào Thị Anh Nga - Tổ đại biểu địa phận Thạch Hà)
1_male_central(Trần Tú Anh - Phó Chủ tịch Thường trực HĐND tỉnh Hà Tĩnh)
6_female_central(Nguyễn Thị Nhuần - Tổ đại biểu địa phận thành phố Hà Tĩnh cũ)
1_male_central(Trần Tú Anh - Phó Chủ tịch Thường trực HĐND tỉnh Hà Tĩnh)
6_female_central(Nguyễn Thị Nhuần - Tổ đại biểu địa phận thành phố Hà Tĩnh cũ)
1_male_central(Trần Tú Anh - Phó Chủ tịch Thường trực HĐND tỉnh Hà Tĩnh)
1_male_central(Trần Tú Anh - Phó Chủ tịch Thường trực HĐND tỉnh Hà Tĩnh)
12_male_central(Nguyễn Văn Danh - Tổ đại biểu địa phận Nghi Xuân)
1_male_central(Trần Tú Anh - Phó Chủ tịch Thường trực HĐND tỉnh Hà Tĩnh)
5_female_central(Trần Thị Hoa - Tổ đại biểu địa phận thành phố Hà Tĩnh cũ)
1_male_central(Trần Tú Anh - Phó Chủ tịch Thường trực HĐND tỉnh Hà Tĩnh)
10_female_central(Nguyễn Thị Nguyệt - Giám đốc Sở Giáo dục và Đào tạo Hà Tĩnh)
1_male_central(Trần Tú Anh - Phó Chủ tịch Thường trực HĐND tỉnh Hà Tĩnh)
6_female_central(Nguyễn Thị Nhuần - Tổ đại biểu địa phận thành phố Hà Tĩnh cũ)
1_male_central(Trần Tú Anh - Phó Chủ tịch Thường trực HĐND tỉnh Hà Tĩnh)
13_male_central(Dương Tất Thắng - Tổ đại biểu địa phận thành phố Hà Tĩnh cũ)
1_male_central(Trần Tú Anh - Phó Chủ tịch Thường trực HĐND tỉnh Hà Tĩnh)
6_female_central(Nguyễn Thị Nhuần - Tổ đại biểu địa phận thành phố Hà Tĩnh cũ)
1_male_central(Trần Tú Anh - Phó Chủ tịch Thường trực HĐND tỉnh Hà Tĩnh)
10_female_central(Nguyễn Thị Nguyệt - Giám đốc Sở Giáo dục và Đào tạo Hà Tĩnh)
1_male_central(Trần Tú Anh - Phó Chủ tịch Thường trực HĐND tỉnh Hà Tĩnh)
14_male_central(Nguyễn Trọng Hiếu - Giám đốc Sở Tài chính Hà Tĩnh)
1_male_central(Trần Tú Anh - Phó Chủ tịch Thường trực HĐND tỉnh Hà Tĩnh)
3_male_central(Phạm Nghĩa - Tổ đại biểu địa phận Can Lộc)
1_male_central(Trần Tú Anh - Phó Chủ tịch Thường trực HĐND tỉnh Hà Tĩnh)
8_female_central(Nguyễn Thị Thúy Nga - Tổ đại biểu địa phận Nghi Xuân)
1_male_central(Trần Tú Anh - Phó Chủ tịch Thường trực HĐND tỉnh Hà Tĩnh)
14_male_central(Nguyễn Trọng Hiếu - Giám đốc Sở Tài chính Hà Tĩnh)
1_male_central(Trần Tú Anh - Phó Chủ tịch Thường trực HĐND tỉnh Hà Tĩnh)
15_male_central(Nguyễn Văn Tuấn - Tổ đại biểu địa phận Vũ Quang)
1_male_central(Trần Tú Anh - Phó Chủ tịch Thường trực HĐND tỉnh Hà Tĩnh)
14_male_central(Nguyễn Trọng Hiếu - Giám đốc Sở Tài chính Hà Tĩnh)
1_male_central(Trần Tú Anh - Phó Chủ tịch Thường trực HĐND tỉnh Hà Tĩnh)","0:42 - 4:21
5:42 - 21:19
21:21 - 21:41
21:48 - 22:52
22:54 - 22:58
23:13 - 24:32
24:33 - 24:44
24:50 - 25:47 
25:48 - 25:57 
25:58 - 26:54
27:08 - 27:12 
27:14 - 27:45
27:46 - 28:08 
28:37 - 47:18
47:22 - 47:45
47:48 - 51:13
51:14 - 51:18
51:19 - 52:47
52:48 - 52:53 
52:56 - 53:48
53:49 - 53:54 
54:03 - 54:54 
54:56 - 55:28 
55:41 - 1:14:16
1:14:19 - 1:14:49
1:15:17 - 1:23:31
1:23:32 - 1:23:42
1:23:50 - 1:25:49
1:25:50 - 1:26:07
1:26:08 - 1:28:43
1:28:44 - 1:29:30
1:29:33 - 1:32:27
1:32:28 - 1:32:33 
1:32:34 - 1:32:36
1:32:36 - 1:32:37 
1:32:38 - 1:33:23
1:33:25 - 1:34:04
1:54:37 - 1:54:48
1:54:49 - 1:56:32
1:56:33 - 1:56:38 
1:56:45 - 1:57:13
1:57:14 - 1:57:27
1:57:34 - 2:29:05
2:29:07 - 2:29:38
2:29:39 - 2:32:49 
2:32:50 - 2:33:04 
2:33:07 - 2:36:12
2:36:13 - 2:36:19
2:36:20 - 2:37:56
2:37:58 - 2:38:15 
2:38:21 - 2:44:35
2:44:37 - 2:45:01
2:45:29 - 3:06:57
3:07:01 - 3:07:08
3:07:15 - 3:08:41 
3:08:44 - 3:08:51
3:09:06 - 3:10:16 
3:10:18 - 3:10:56
3:11:03 - 3:30:50
3:30:52 - 3:30:59
3:31:03 - 3:33:05
3:33:06 - 3:33:38
3:33:46 - 3:34:59
3:35:02 - 3:37:06",Dương Hiếu ,hatinh3
Trực tiếp: Khai mạc Đại hội đại biểu Đảng bộ tỉnh Hà Tĩnh nhiệm kỳ 2025-2030,https://www.youtube.com/@bhttv,Hà Tĩnh,2h18p,1/10/2025,"1_male_central(Phan Duy Vĩnh - Chánh Văn phòng tỉnh Hà Tĩnh)
2_male_central(Nguyễn Hồng Lĩnh - Ủy viên Ban Thường vụ Tỉnh ủy, Phó Chủ tịch Thường trực UBND tỉnh Hà Tĩnh)
2_male_central(Nguyễn Hồng Lĩnh - Ủy viên Ban Thường vụ Tỉnh ủy, Phó Chủ tịch Thường trực UBND tỉnh Hà Tĩnh)
3_male_central(Võ Trọng Hải - Phó Bí thư Tỉnh ủy, Chủ tịch UBND tỉnh Hà Tĩnh)
4_female_central(Trương Thanh Huyền - Ủy viên Ban Thường vụ, Trưởng ban Tổ Chức Tỉnh ủy Hà Tĩnh)
5_male_central(Hà Văn Trọng - Ủy viên Ban Thường vụ, Chủ nhiệm Ủy ban Kiểm tra Tỉnh ủy Hà Tĩnh)
4_female_central(Trương Thanh Huyền - Ủy viên Ban Thường vụ, Trưởng ban Tổ Chức Tỉnh ủy Hà Tĩnh)
6_male_central(Nguyễn Duy Lâm - Bí thư Tỉnh ủy Hà Tĩnh)
4_female_central(Trương Thanh Huyền - Ủy viên Ban Thường vụ, Trưởng ban Tổ Chức Tỉnh ủy Hà Tĩnh)
7_male_central(Trần Thế Dũng - Phó Bí thư Thường trực Tỉnh ủy Hà Tĩnh)
8_male_central(Hà Văn Hùng - Ủy viên Ban thường vụ, Trưởng ban Tuyên giáo và Dân vận Tỉnh ủy Hà Tĩnh)
9_male_central(Lê Thành Công - Tỉnh ủy viên, Giám đốc Sở Khoa học và Công nghệ Hà Tĩnh)
8_male_central(Hà Văn Hùng - Ủy viên Ban thường vụ, Trưởng ban Tuyên giáo và Dân vận Tỉnh ủy Hà Tĩnh)
10_male_central(Nguyễn Trọng Hiếu - Tỉnh ủy viên, Giám đốc Sở Tài chính Hà Tĩnh)
6_male_central(Nguyễn Duy Lâm - Bí thư Tỉnh ủy Hà Tĩnh)
11_male_central(Trần Cẩm Tú - Ủy viên Bộ Chính trị, Thường trực Ban Bí thư)
6_male_central(Nguyễn Duy Lâm - Bí thư Tỉnh ủy Hà Tĩnh)","3:16 - 3:32
3:50 - 8:24
9:16 - 20:08
20:32 - 33:33
33:53 - 34:15
34:35 - 42:17
42:30 - 43:19
43:39 - 1:08:48
1:09:04 - 1:09:25
1:09:35 - 1:27:46
1:27:58 - 1:28:59
1:29:22 - 1:38:07
1:38:21 - 1:38:41
1:38:54 - 1:50:39
1:51:01 - 1:51:33
1:52:07 - 2:14:51
2:15:52 - 2:18:16",Dương Hiếu ,hatinh4
"🔴Trực tiếp: Phiên khai mạc và thảo luận Kỳ họp thứ 30, HĐND tỉnh Hà Tĩnh khóa XVIII",https://www.youtube.com/@bhttv2025,Hà Tĩnh,3h22p,23/7/2025,"1_male_central(Trần Văn Ký - Phó Chủ tịch HĐND tỉnh Hà Tĩnh)
2_male_central(Trần Tú Anh - Phó Chủ tịch Thường trực HĐND tỉnh Hà Tĩnh)
1_male_central(Trần Văn Ký - Phó Chủ tịch HĐND tỉnh Hà Tĩnh)
3_male_central(Nguyễn Hồng Lĩnh - Phó Chủ tịch Thường trực HBND tỉnh Hà Tĩnh)
1_male_central(Trần Văn Ký - Phó Chủ tịch HĐND tỉnh Hà Tĩnh)
4_male_central(Nguyễn Trọng Hiếu - Giám đốc Sở Tài chính Hà Tĩnh)
1_male_central(Trần Văn Ký - Phó Chủ tịch HĐND tỉnh Hà Tĩnh)
5_male_central(Trịnh Văn Ngọc - Giám đốc Sở Nội vụ Hà Tĩnh)
1_male_central(Trần Văn Ký - Phó Chủ tịch HĐND tỉnh Hà Tĩnh)
6_female_central(Nguyễn Thị Thúy Nga - Trưởng ban Kinh tế - Ngân sách, HĐND tỉnh Hà Tĩnh)
1_male_central(Trần Văn Ký - Phó Chủ tịch HĐND tỉnh Hà Tĩnh)
1_male_central(Trần Văn Ký - Phó Chủ tịch HĐND tỉnh Hà Tĩnh)
7_male_central(Hồ Huy Thành - Tổ đại biểu địa phận huyện Kỳ Anh)
1_male_central(Trần Văn Ký - Phó Chủ tịch HĐND tỉnh Hà Tĩnh)
8_male_central(Thái Văn Sinh - Tổ đại biểu địa phận Đức Thọ)
1_male_central(Trần Văn Ký - Phó Chủ tịch HĐND tỉnh Hà Tĩnh)
9_female_central(Võ Thị Hồng Minh - Tổ đại biểu địa phận Cẩm Xuyên)
1_male_central(Trần Văn Ký - Phó Chủ tịch HĐND tỉnh Hà Tĩnh)
10_male_central(Phạm Xuân Phú - Tổ đại biểu địa phận Hương Khê)
1_male_central(Trần Văn Ký - Phó Chủ tịch HĐND tỉnh Hà Tĩnh)
11_male_central(Lê Trung Phước - Tổ đại biểu địa phận thị xã Kỳ Anh cũ)
1_male_central(Trần Văn Ký - Phó Chủ tịch HĐND tỉnh Hà Tĩnh)
12_female_central(Trần Thị Hoa - Tổ đại biểu địa phận thành phố Hà Tĩnh cũ)
1_male_central(Trần Văn Ký - Phó Chủ tịch HĐND tỉnh Hà Tĩnh)
13_male_central(Lê Thành Đông - Tổ đại biểu địa phận Hồng Lĩnh)
1_male_central(Trần Văn Ký - Phó Chủ tịch HĐND tỉnh Hà Tĩnh)
14_male_central(Nguyễn Văn Tuấn - Tổ đại biểu địa phận Vũ Quang)
1_male_central(Trần Văn Ký - Phó Chủ tịch HĐND tỉnh Hà Tĩnh)
2_male_central(Trần Tú Anh - Phó Chủ tịch Thường trực HĐND tỉnh Hà Tĩnh)","1:54 - 6:23
6:35 - 11:10 
11:16 - 11:36
11:57 - 35:54 
35:58 - 36:15 
36:31 - 55:31
55:35 - 55:58
56:02 - 1:03:33
1:03:35 - 1:03:51 
1:04:00 - 1:21:13 
1:21:14 - 1:21:37 
1:54:59 - 1:58:12
1:58:41 - 2:09:45 
2:09:46 - 2:09:53 
2:10:18 - 2:19:59
2:20:02 - 2:20:11 
2:20:35 - 2:28:31
2:28:32 - 2:28:47 
2:28:54 - 2:36:42
2:36:45 - 2:36:56
2:37:05 - 2:47:06 
2:47:08 - 2:47:18 
2:47:37 - 2:53:36 
2:53:42 - 2:53:52
2:54:21 - 3:01:51
3:01:56 - 3:02:03
3:02:16 - 3:10:19
3:10:28 - 3:22:22 
3:22:23 - 3:22:48",Dương Hiếu ,hatinh5
https://www.youtube.com/watch?v=w3rswxJJbJQ,,Nghệ An ,2h18 ,,"1_male_central(Nguyễn Như Khôi - Ủy viên BCH Đảng bộ tỉnh, Phó Chủ tịch HĐND Tỉnh)
2_male_central(Thái Thanh Quý - Ủy viên BCH Tư đảng, Bí thư Tỉnh ủy, Trưởng Đoàn ĐBQH, Chủ tịch HĐND tỉnh)
1_male_central(Nguyễn Như Khôi - Ủy viên BCH Đảng bộ tỉnh, Phó Chủ tịch HĐND Tỉnh)
3_male_central(Bùi Thanh An - Ủy viên BTV Tỉnh ủy, Phó Chủ tịch UBND tỉnh)
1_male_central(Nguyễn Như Khôi - Ủy viên BCH Đảng bộ tỉnh, Phó Chủ tịch HĐND Tỉnh)
4_male_central(Nguyễn Văn Đệ - Ủy viên BCH Đảng bộ tỉnh, Phó Chủ tịch UBND Tỉnh)
1_male_central(Nguyễn Như Khôi - Ủy viên BCH Đảng bộ tỉnh, Phó Chủ tịch HĐND Tỉnh)
5_female_central(Võ Thị Minh Sinh - Ủy viên BTV Tỉnh ủy, Chủ tịch Ủy ban MTTQ Tỉnh)
1_male_central(Nguyễn Như Khôi - Ủy viên BCH Đảng bộ tỉnh, Phó Chủ tịch HĐND Tỉnh)
6_female_central(Thái Thị An Chung - Tỉnh Ủy viên, Phó Trưởng đoàn ĐBQH tỉnh)
1_male_central(Nguyễn Như Khôi - Ủy viên BCH Đảng bộ tỉnh, Phó Chủ tịch HĐND Tỉnh)
7_male_central(Cao Tiến Trung - Trưởng ban Kinh tế - Ngân sách HĐND tỉnh)
1_male_central(Nguyễn Như Khôi - Ủy viên BCH Đảng bộ tỉnh, Phó Chủ tịch HĐND Tỉnh)
1_male_central(Nguyễn Như Khôi - Ủy viên BCH Đảng bộ tỉnh, Phó Chủ tịch HĐND Tỉnh)
8_male_central(Nguyễn Nam Đình - Ủy viên BTV Tỉnh ủy, Phó Chủ tịch Thường Trực HĐND tỉnh)
1_male_central(Nguyễn Như Khôi - Ủy viên BCH Đảng bộ tỉnh, Phó Chủ tịch HĐND Tỉnh)
9_male_central(Bùi Đình Long - Ủy viên BCH Đảng bộ tỉnh, Phó Chủ tịch HBND tỉnh)
1_male_central(Nguyễn Như Khôi - Ủy viên BCH Đảng bộ tỉnh, Phó Chủ tịch HĐND Tỉnh)
10_male_central(Chu Đức Thái - Trưởng Ban Văn Hóa - Xã hội HĐND tỉnh)
1_male_central(Nguyễn Như Khôi - Ủy viên BCH Đảng bộ tỉnh, Phó Chủ tịch HĐND Tỉnh)
11_male_central(Bùi Duy Sơn - Thư ký Kỳ họp)
1_male_central(Nguyễn Như Khôi - Ủy viên BCH Đảng bộ tỉnh, Phó Chủ tịch HĐND Tỉnh)","2:30 - 4:15
4:29 - 11:35
11:40 - 12:00 
12:17 - 30:01
30:06 - 30:26 
31:02 - 43:56
44:02 - 44:19 
44:30 - 54:56 
55:00 - 55:11 
55:30 - 1:07:51
1:07:53 - 1:08:24
1:08:46 - 1:27:55 
1:27:56 - 1:28:02
1:28:08 - 1:28:20
1:28:29 - 1:36:20
1:36:23 - 1:36:35
1:36:56 - 1:51:12
1:51:15 - 1:51:31
1:51:58 - 2:09:29
2:09:32 - 2:09:48
2:10:09 - 2:16:30 
2:16:32 - 2:17:26",Dương Hiếu ,nghean1
https://www.youtube.com/watch?v=zLA_7artjus,https://www.youtube.com/@truyenhinhnghean,Nghệ An,3h53p,12/12/2025,"1_male_central(Nguyễn Như Khôi - Phó Chủ tịch HĐND tỉnh Nghệ An)
2_male_central(Nguyễn Nam Đình - Phó Chủ tịch Thường trực HĐND tỉnh Nghệ AN)
3_female_central(Vi Thị Hồng - Phó Chủ tịch UBND xã Mỹ Lý, tỉnh Nghệ An)
4_male_central(Lưu Văn Hùng - Chủ tịch UBND xã Quế Phong, tỉnh Nghệ An
2_male_central(Nguyễn Nam Đình - Phó Chủ tịch Thường trực HĐND tỉnh Nghệ AN)
5_male_central(Hoàng Quốc Việt - Uỷ viên BTV Tỉnh uỷ, Giám Đốc Sở Nông nghiệp và Môi trường)
2_male_central(Nguyễn Nam Đình - Phó Chủ tịch Thường trực HĐND tỉnh Nghệ AN)
6_female_central(Trần Thị Khánh Linh - Đại biểu HĐND tỉnh Nghệ An khoá XVIII)
2_male_central(Nguyễn Nam Đình - Phó Chủ tịch Thường trực HĐND tỉnh Nghệ AN)
7_male_central(Nguyễn Đức Hồng - Đại biểu HĐND tỉnh Nghệ An khoá XVIII)
2_male_central(Nguyễn Nam Đình - Phó Chủ tịch Thường trực HĐND tỉnh Nghệ AN)
8_female_central(Hà Thị Phương Thảo - Đại biểu HĐND tỉnh Nghệ An khoá XVIII)
2_male_central(Nguyễn Nam Đình - Phó Chủ tịch Thường trực HĐND tỉnh Nghệ AN)
5_male_central(Hoàng Quốc Việt - Uỷ viên BTV Tỉnh uỷ, Giám Đốc Sở Nông nghiệp và Môi trường)","0:00 - 1:01
1:15 - 2:53
5:21 - 5:31
5:51 - 6:05
10:41 - 10:52
11:07 - 19:51
20:09 - 20:26
20:32 - 22:12
22:13 - 22:18
22:29 - 22:58
23:01 - 23:04
23:12 - 24:10
24:11 - 24:19
24:25 - 31:31
",Trần Hưng,nghean2
https://www.youtube.com/watch?v=t6Fqi-PNTpQ&t=3472s,,Quảng Nam,4h,7/12/2022,"1_male_central(Trình Minh Đức)

2_male_central(Trần Xuân Vinh)

3_male_central(Phan Việt Cường)

2_male_central(Trần Xuân Vinh)

4_male_central(Lê Trí Thanh)

2_male_central(Trần Xuân Vinh)

5_male_central(Đặng Phong)

2_male_central(Trần Xuân Vinh)

6_male_central(Nguyễn Xuân Thử)

2_male_central(Trần Xuân Vinh)

7_male_central(Võ Xuân Ca)

2_male_central(Trần Xuân Vinh)

8_male_central(Nguyễn Đức Tiến)

2_male_central(Trần Xuân Vinh)

9_male_central(Nguyễn Đức Dũng)

2_male_central(Trần Xuân Vinh)

10_male_central(Trần Hoài Nam)

2_male_central(Trần Xuân Vinh)

11_male_central(Đặng Quốc Lộc)

2_male_central(Trần Xuân Vinh)

12_male_central(Nguyễn Hồng Quang)

13_male_central(Nguyễn Công Thanh)

14_male_central(Nguyễn Đức)

13_male_central(Nguyễn Công Thanh)

14_female_central(Trần Thị Bích Thu)

13_male_central(Nguyễn Công Thanh)

15_male_central(Đinh Văn Hươm)

13_male_central(Nguyễn Công Thanh)

16_male_central(Hà Đức Tiến)

13_male_central(Nguyễn Công Thanh)

17_female_central(Kim Quảng)

3_male_central(Phan Việt Cường)

17_female_central(Kim Quảng)

17_female_central(Kim Quảng)

17_female_central(Kim Quảng)","02:09 - 4:54

6:10 - 13:10

13:56 - 22:46

22:54 - 23:08

23:30 - 41:41

41:51 - 42:38

42:41 - 59:28

59:36 - 59:53

1:00:09 - 1:12:10

1:12:16 - 1:12:33

1:13:08 - 1:24:00

1:24:08 - 1:24:55

1:25:04 - 1:40:19

1:40:21 - 1:40:38 

1:40:59 - 1:51:21

1:51:25 - 1:51:40

1:51:52 - 2:01:07

2:01:10 - 2:01:22

2:01:32 - 2:09:50

2:09:52 - 2:09:58

2:28:12 - 2:38:31

2:38:35 - 2:38:49

2:39:14 - 3:07:44

3:07:49 - 3:08:01

3:08:21 - 3:22:53

3:22:56 - 3:23:12

3:23:23 - 3:34:30

3:34:44 - 3:34:58

3:35:10 - 3:48:15

3:48:17 - 3:48:32

3:49:15 - 3:51:46 

3:51:48 - 3:53:06

3:53:08 - 3:56:01

3:57:13 - 3:58:42

3:59:46 - 3:59:55",Hải Anh,quangnam1
https://www.youtube.com/watch?v=QUT2SNc4KYY,,Thanh Hóa,3h10p,,"1_male_north(Nguyễn Quang Hải)

2_male_north(Đầu Thanh Tùng)

1_male_north(Nguyễn Quang Hải)

1_male_north(Nguyễn Quang Hải)

3_male_north(Lê Minh Nghĩa)

1_male_north(Nguyễn Quang Hải)

4_male_north(Nguyễn Văn Biện)

1_male_north(Nguyễn Quang Hải)

5_male_north(Hà Văn Ca)

1_male_north(Nguyễn Quang Hải)

6_male_north(Nguyễn Văn Thành)

1_male_north(Nguyễn Quang Hải)

7_male_north(Cầm Bá Lâm)

1_male_north(Nguyễn Quang Hải)

8_male_north(Lê Văn Trung)

1_male_north(Nguyễn Quang Hải)

9_male_north(Trần Xuân Mạnh)

1_male_north(Nguyễn Quang Hải)

10_female_north(Trịnh Thị Hoa)

1_male_north(Nguyễn Quang Hải)

11_male_north(Lê Văn Châu)

1_male_north(Nguyễn Quang Hải)

12_male_north(Lê Đăng Khoa)

1_male_north(Nguyễn Quang Hải)

1_male_north(Nguyễn Quang Hải)

1_male_north(Nguyễn Quang Hải)

13_male_central(Nguyễn Hoài Anh)

14_male_north(Lê Tiến Lam)","0:04 - 0:48

1:17 - 8:24

8:36 - 8:48

11:54 - 14:03

14:14 - 21:56

21:57 - 22:10

22:20 - 31:48

31:49 - 32:01

32:16 - 42:58

43:00 - 43:11

43:27 - 56:32

56:33 - 56:47

57:-01- 1:03:41

1:03:43 - 1:03:57

1:04:13 - 1:16:52

1:16:55 - 1:17:13

1:17:37 - 1:25:12

1:25:14 - 1:25:25

1:25:47 - 1:40:26

1:40:27 - 1:40:40

1:40:51 - 1:46:54

1:46:55 - 1:47:03

1:47:18 - 1:55:50

1:55:52 - 1:56:18

1:56:34 - 2:02:30

2:18:30 - 2:18:37

2:18:50 - 2:46:24

2:46:34 - 3:08:44",Hải Anh,thanhhoa1
https://www.youtube.com/watch?v=Iku6dhdw_iw,,Huế,3h,,"1_male_central(Lê Trường Lưu)
2_male_central(Nguyễn Khắc Toàn)
3_male_central(Nguyễn Quang Tuấn) 
3_male_central(Nguyễn Quang Tuấn) 
4_male_central(Nguyễn Đình Trung)
3_male_central(Nguyễn Quang Tuấn) 
5_female_central(Nguyễn Thị Ái Vân)
3_male_central(Nguyễn Quang Tuấn) 
6_male_central(Phan Quý Phương)
3_male_central(Nguyễn Quang Tuấn) 
7_male_central(Hà Văn Tuấn)
8_male_central(Vũ Văn Minh)
3_male_central(Nguyễn Quang Tuấn)
9_male_central(Nguyễn Trung Kiên)
3_male_central(Nguyễn Quang Tuấn) 
10_male_central(Hoàng Khánh Hùng)
3_male_central(Nguyễn Quang Tuấn) 
11_male_central(Hoàng Phú)
3_male_central(Nguyễn Quang Tuấn) 
12_male_central(Nguyễn Đại Viên)
3_male_central(Nguyễn Quang Tuấn) 
13_male_central (Hoàng Phú)
3_male_central(Nguyễn Quang Tuấn) 
14_male_central(Nguyễn Anh Dũng)
3_male_central(Nguyễn Quang Tuấn) 
11_male_central(Hoàng Phú)
3_male_central(Nguyễn Quang Tuấn) "," 14:34 - 16:52
17:27 - 34:44
34:51 - 34:56
35:07 - 35:28
35:48 - 45:01
45:19 - 46:00
46:17 - 56:26
56:29 - 56:47
56:57 - 1:14:30
1:14:34 - 1:14:49
1:14:57 - 1:26:30
1:48:53 - 1:53:17
1:53:20 - 1:53:37
1:53:56 - 2:03:14
2:03:21 - 2:03:45
2:03:52 - 2:15:26
2:15:31 - 2:15:43
2:15:52 - 2:23:10
2:23:13 - 2:23:26
2:23:34 - 2:34:16
2:24:22 - 2:34:34
2:34:41 - 2:44:32
2:44:38 - 2:45:27 
2:45:39 - 2:52:52
2:52:57 - 2:53:14
2:53:01 - 2:53:15
2:53:27 - 2:56:37
2:56:42 - 2:57:00
2:57:10 - 2:59:30
2:59:33 - 2:59:54
",Hải Anh,hue1
https://www.youtube.com/watch?v=5L4WZ15spvs,,Huế,2h17p,,"1_male_central(Lê Trường Lưu)

2_male_central(Hà Văn Tuấn)

1_male_central(Lê Trường Lưu)

3_male_central(La Phúc Thành)

1_male_central(Lê Trường Lưu)

4_male_central(Phan Thanh Hải)

1_male_central(Lê Trường Lưu)

5_male_central(Nguyễn Đình Đức)

1_male_central(Lê Trường Lưu)

6_male_central(Nguyễn Văn Mạnh)

1_male_central(Lê Trường Lưu)

7_male_central(Trần Đức Minh)

8_male_central(Lê Anh Tuấn)

1_male_central(Lê Trường Lưu)

9_male_central(Trương Công Thành) 

1_male_central(Lê Trường Lưu)

10_male_central(Trần Gia Công)

1_male_central(Lê Trường Lưu)

11_male_central(Nguyễn Khắc Toàn)

1_male_central(Lê Trường Lưu)

12_male_central(Hoàng Phú)

1_male_central(Lê Trường Lưu)

1_male_central(Lê Trường Lưu)","9:42 - 10:17

10:29 - 31:55

31:58 - 35:53

36:10 - 51:02

51:04 - 51:20

51:21 - 58:05

58:06 - 58:25

58:27 - 1:06:02

1:06:10 - 1:06:47

1:06:55 - 1:22:15

1:22:16 - 1:23:13

1:23:16 - 1:31:24

1:31:39 - 1:41:31

1:41:33 - 1:41:37

1:41:42 - 1:44:33

1:44:36 - 1:44:40

1:44:44 - 1:49:38

1:49:39 - 1:51:13

1:51:28 - 2:00:10

2:00:16 - 2:00:44

2:00:54 - 2:08:04

2:08:08 - 2:08:14

2:08:30 - 2:09:42
",Hải Anh,hue2